real_x,real_y,mea_x,mea_y,mea_z,raw_x,raw_y,raw_z
0,0.15,-0.06865336685,0.09256396063,-0.2222451285,0.6113210402,-0.5300839625,1.987553531
0,0.3,-0.06653695014,0.2457678429,-0.21716371,0.6090225821,-0.3770848188,1.996191773
0,0.45,-0.06197145998,0.3966317421,-0.2063751978,0.601475668,-0.219268521,1.984267477
0,0.6,-0.06220496694,0.5506110653,-0.2082996091,0.6008521318,-0.06588057887,1.997921896
0,0.7,-0.05637241249,0.6530348213,-0.1882242559,0.5941699855,0.0374634766,1.985945818
0,0.85,-0.05575309326,0.8069195392,-0.1817071059,0.5929896943,0.1913423816,1.992227733
0.15,0,0.08757370637,-0.06298311726,-0.2184780419,0.4583351445,-0.6856351089,1.977973366
0.15,0.15,0.08668153703,0.08738226668,-0.2276734822,0.4573495555,-0.5361110544,1.996370521
0.15,0.15,0.08567392907,0.09112434845,-0.2318927032,0.4569877562,-0.5356233472,1.996011604
0.15,0.3,0.09300941291,0.2470927886,-0.2058462293,0.4495663413,-0.3781042275,1.983986367
0.15,0.45,0.0934662547,0.396376391,-0.2086571674,0.446091557,-0.2234154669,1.986752338
0.15,0.6,0.09515946038,0.5500117569,-0.2034168153,0.4435201842,-0.06987068745,1.993240666
0.15,0.6,0.09965776989,0.5595346297,-0.1863825832,0.4448797021,-0.06875191149,2.003806858
0.15,0.75,0.1038013067,0.7135554706,-0.1728846334,0.4407857227,0.08578127736,2.004393739
0.15,0.9,0.1087730087,0.870112282,-0.1549387427,0.4378294372,0.2414176654,2.006939196
0.15,1.05,0.1099418251,1.027827993,-0.1497712499,0.436914756,0.3988689956,2.017084038
0.3,0,0.2393161994,-0.06600130208,-0.2373190314,0.3051690438,-0.6928993388,1.98875738
0.3,0.15,0.2438035238,0.0884426996,-0.2210621195,0.3003332901,-0.5374079323,1.98775887
0.3,0.6,0.2579033231,0.5575273341,-0.1750497774,0.2868302677,-0.07263232326,1.989972547
0.3,0.75,0.2608608737,0.7119825393,-0.1694432036,0.283817268,0.08163363916,1.998473111
0.3,0.9,0.2671400546,0.8655254388,-0.1437418379,0.2796669971,0.2350795926,1.992761579
0.3,1.05,0.2689050787,1.02159128,-0.1369666817,0.2781777879,0.3910340164,2.001136985
0.45,0,0.393224588,-0.06522607406,-0.2420020204,0.1499764606,-0.6965130167,1.987808267
0.45,0.15,0.3973919304,0.0890062917,-0.2309358333,0.1453571335,-0.5419979656,1.989902009
0.45,0.3,0.3991069547,0.2411862271,-0.2253005927,0.1406643771,-0.3867402905,1.991053724
0.45,0.45,0.4017538164,0.3949337778,-0.2149967523,0.1372535632,-0.2327182448,1.992740641
0.45,0.6,0.413010127,0.5581602864,-0.1738362146,0.1323539386,-0.07548623005,1.98812881
0.45,0.75,0.4169401413,0.7103510473,-0.1574843882,0.1286278789,0.07749369468,1.986171432
0.45,0.9,0.4140607515,0.8598929424,-0.16402923,0.1260792235,0.2308982586,1.989893942
0.45,1.05,0.4167511544,1.012789115,-0.1489358065,0.1228893641,0.3844603358,1.987129126
0.6,0,0.5478428921,-0.06344603198,-0.2424753122,-0.005497569314,-0.699378385,1.985208591
0.6,0.15,0.5521574891,0.09040375461,-0.2313755243,-0.00991387448,-0.5452655248,1.988438949
0.6,0.3,0.5534811538,0.2413779253,-0.2220958601,-0.01366599896,-0.3897439258,1.987341699
0.6,0.45,0.5562521123,0.3947032115,-0.2082135368,-0.01719263982,-0.2358671013,1.985428244
0.6,0.6,0.5667824908,0.5578249557,-0.18387943,-0.02149527311,-0.07968043754,1.995989474
0.6,0.75,0.5706195263,0.7105719239,-0.1627840903,-0.0250722367,0.07430275239,1.989364862
0.6,0.9,0.5677470819,0.8585808643,-0.1625493996,-0.02754440092,0.2267392665,1.986385965
0.6,1.05,0.5707900638,1.014199533,-0.1611195559,-0.03124814631,0.3819075796,1.997452553
0.75,0,0.7034644737,-0.06609100441,-0.254087642,-0.1610341424,-0.7067984633,1.996709075
0.75,0.15,0.7072573612,0.08876284376,-0.2407986372,-0.1649367698,-0.5514703821,1.997852787
0.75,0.3,0.7094171356,0.2400515351,-0.2342116079,-0.16924658,-0.39626816,1.999431226
0.75,0.45,0.7123209884,0.3946102177,-0.2164663817,-0.1727667318,-0.2408465433,1.994281507
0.75,0.6,0.7208727122,0.5574588293,-0.1895280865,-0.1758036057,-0.08292779526,1.998265935
0.75,0.75,0.7248006634,0.710595329,-0.172200141,-0.1795771095,0.07108391183,1.99500476
0.75,0.9,0.721486884,0.8583249363,-0.1722558708,-0.1827351559,0.2240527565,1.98964121
0.75,1.05,0.7243381288,1.012310452,-0.1633824624,-0.1862928708,0.3782067299,1.992688968
0.9,0,0.8623101962,-0.067624868,-0.2746952536,-0.319879562,-0.7178722399,2.016335809
0.9,0.15,0.8647123447,0.09050331643,-0.2477270602,-0.3217142854,-0.5578295046,2.006347295
0.9,0.3,0.863255893,0.2407060554,-0.2277332146,-0.323045344,-0.3985761015,1.992679295
0.9,0.45,0.866661878,0.3943622252,-0.2166975059,-0.3270666922,-0.2446097053,1.99414143
0.9,0.6,0.8743567927,0.5560290722,-0.188500667,-0.3292210491,-0.08693830443,1.994334811
0.9,0.75,0.8811571078,0.7115235631,-0.1926551522,-0.3362206295,0.06739924901,2.012623399
0.9,0.9,0.8765912816,0.8600793163,-0.1857838067,-0.3379649469,0.2217907602,2.001215244
0.9,1.05,0.8786435013,1.012970986,-0.1691298375,-0.3406272459,0.3754726525,1.99643304
1.05,0,1.017086053,-0.06493045183,-0.2627502453,-0.4746146483,-0.7174646727,2.004500845
1.05,0.15,1.018015439,0.09229952793,-0.2367852205,-0.4749795048,-0.5583880162,1.99541627
1.05,0.3,1.022583839,0.2406280757,-0.2401631007,-0.481642089,-0.4048605736,2.007597808
1.05,0.45,1.022393703,0.3961631866,-0.2152189859,-0.4819842115,-0.2477732902,1.995857457
1.05,0.6,1.030399158,0.555817363,-0.1969219011,-0.4857716136,-0.09066685478,2.000354441
1.05,0.75,1.031050725,0.708458901,-0.1723744935,-0.486329791,0.06355355124,1.989663859
1.05,0.9,1.030440972,0.8599144503,-0.1707582285,-0.4897921704,0.2175824869,1.991790515
1.05,1.05,1.036994785,1.017358635,-0.1726739632,-0.4969472553,0.3741991314,2.006598619
1.2,0,1.182288066,-0.06744205877,-0.285515981,-0.6390960009,-0.7303417984,2.029296604
1.2,0.15,1.180695922,0.09282485996,-0.2503015263,-0.6369106701,-0.5671083331,2.012187704
1.2,0.3,1.177206058,0.241346581,-0.2356618949,-0.6362352433,-0.4074230975,2.003281651
1.2,0.45,1.176686151,0.3963034509,-0.2134523897,-0.6362386099,-0.2511346196,1.994216627
1.2,0.6,1.18488139,0.5554137661,-0.1975529562,-0.6402184879,-0.09402497637,1.998765593
1.2,0.75,1.187864859,0.7091522643,-0.1822864137,-0.6432242184,0.06040757984,1.997381739
1.2,0.9,1.188126846,0.8621983857,-0.1838473826,-0.6475450775,0.2155465999,2.00356422
1.2,1.05,1.190174076,1.015501482,-0.1671963694,-0.6500396591,0.369657223,1.999572736
1.35,0,1.335961955,-0.0648097831,-0.2710690026,-0.7928048535,-0.7301479992,2.015892189
1.35,0.15,1.335387707,0.09365342634,-0.2433320563,-0.7915931777,-0.569567531,2.006013524
1.35,0.3,1.340065233,0.2456497118,-0.237272517,-0.7967713817,-0.4140152604,2.013561112
1.35,0.45,1.339858796,0.4015061891,-0.2126238148,-0.7961404226,-0.2564167322,2.005657012
1.35,0.6,1.336192107,0.550943692,-0.2005761198,-0.7945494002,-0.09874954447,1.993265564
1.35,0.75,1.338800545,0.7050075376,-0.1901715772,-0.7978528711,0.0556008599,1.994934965
1.35,0.9,1.341375037,0.8610505758,-0.1769907536,-0.8003102857,0.2119538069,1.995015028
1.35,1.05,1.346753396,1.016917018,-0.1703268806,-0.8061094102,0.3677170106,2.00151515
1.5,0.3,1.494170656,0.2466095346,-0.2293505477,-0.9508784277,-0.4160417607,2.006438545
1.5,0.45,1.496932603,0.4019018876,-0.2126300838,-0.9531629173,-0.25992184,2.006366741
1.5,0.6,1.494860752,0.5518341778,-0.2094566028,-0.9532478696,-0.1018077792,2.000766472
1.5,0.75,1.491191279,0.7050533808,-0.1854114592,-0.9501708936,0.05289763974,1.988829396
1.5,0.9,1.496453411,0.8616542951,-0.1782763424,-0.9553623358,0.2093598578,1.994633923
1.5,1.05,1.50022047,1.016471387,-0.166263543,-0.9594974615,0.3645625467,1.995734349